algo,theta0,kx,ky,objective,time_s
slsqp,5.71114956602499e-07,10.0000016419555,-0.017544651466828765,23912.729150529336,2.5898587703704834
